FirstName,LastName,Email,PhoneNumber,PESEL
Ewa,Nowak,ewa.nowak@example.com,+48111222333,12345678907
Piotr,Kowalski,piotr.kowalski@example.com,+48444555666,12345678908
Janina,Olkusz,janina.o@example.com,+48777888999,12345678909
Marek,Kubiak,m.kubiak@example.com,+48123456789,12345678910
Magda,Sobczak,magda.s@example.com,+48987654321,12345678911
Tomasz,Borecki,t.borecki@example.com,+48775115999,12345678912
Karolina,Adamska,karolina.adamska@example.com,+48666333444,12345678913
Łukasz,Wrona,lukasz.w@example.com,+48788999000,12345678914
Paulina,Urbanek,paulina.u@example.com,+48112233445,12345678915
Kamil,Pawlak,kamil.pawlak@example.com,+48998877665,12345678916
Agata,Szczepańska,agata.sz@example.com,+48771001001,12345678917
Paweł,Krawiec,p.krawiec@example.com,+48440112233,12345678918
Natalia,Baranowska,n.baranowska@example.com,+48889999888,12345678919
Rafał,Lis,rafal.lis@example.com,+48773322112,12345678920
Martyna,Nowicka,martyna.nowicka@example.com,+48666009876,12345678921
Dawid,Wilk,dawid.wilk@example.com,+48774114777,12345678922
Joanna,Kot,joanna.kot@example.com,+48111444555,12345678923
Michał,Cichy,michal.cichy@example.com,+48997766554,12345678924
Weronika,Głowacka,weronika.glowacka@example.com,+48778999123,12345678925
Grzegorz,Nowosad,grzegorz.nowosad@example.com,+48666111000,12345678926
